Date Created,Number of Likes,Tweet,Sentiment Score,Sentiment
2025-04-16T09:04:24.000Z,0,"Dear @socialepfo @epfokrpuram 
Kindly settle my claim pls üôèüèª
101207680114
Aware of 20 days but till then we may die due to emergency
@narendramodi @RahulGandhi @naralokesh @siddaramaiah @BJP4India @mansukhmandviya @PIB_India @PMOIndia @help_delhivery @FinMinIndia",-0.7717,Negative
2025-04-16T08:59:19.000Z,1,"‡≤¨‡≥á‡≤∏‡≤ø‡≤ó‡≥Ü ‡≤∏‡≤≤‡≥Å‡≤µ‡≤æ‡≤ó‡≤ø ‡≤∏‡≤∞‡≥ç‡≤ï‡≤æ‡≤∞‡≤ø ‡≤ï‡≥Ü‡≤≤‡≤∏‡≤¶ ‡≤Ö‡≤µ‡≤ß‡≤ø‡≤Ø‡≤®‡≥ç‡≤®‡≥Å ‡≤¨‡≥Ü‡≤≥‡≤ø‡≤ó‡≥ç‡≤ó‡≥Ü 8-30‡≤ï‡≥ç‡≤ï‡≥Ü ‡≤Æ‡≤æ‡≤°‡≤ø‡≤¶‡≤∞‡≥Ç ‡≤ï‡≥Ç‡≤° ‡≤á‡≤≤‡≤æ‡≤ñ‡≥Ü‡≤ó‡≤≥ ‡≤®‡≥å‡≤ï‡≤∞‡≤∞‡≥Å ‡≤∏‡≤∞‡≤ø‡≤Ø‡≤æ‡≤¶ ‡≤µ‡≥á‡≤≥‡≥Ü‡≤ó‡≥Ü ‡≤¨‡≤∞‡≥Å‡≤§‡≥ç‡≤§‡≤ø‡≤≤‡≥ç‡≤≤ ‡≤Ü‡≤¶‡≥ç‡≤∞‡≥Ü ‡≤ú‡≤®‡≤∞‡≥Å ‡≤Æ‡≤æ‡≤§‡≥ç‡≤∞ ‡≤¨‡≥Ü‡≤≥‡≤ø‡≤ó‡≥ç‡≤ó‡≥Ü 8 ‡≤ó‡≤Ç‡≤ü‡≥Ü‡≤ó‡≥Ü ‡≤¨‡≤Ç‡≤¶‡≥Å ‡≤®‡≥å‡≤ï‡≤∞‡≤∞ ‡≤¶‡≤æ‡≤∞‡≤ø ‡≤ï‡≤æ‡≤Ø‡≥Å‡≤µ‡≤Ç‡≤§‡≤æ‡≤ó‡≤ø‡≤¶‡≥Ü, ‡≤ï‡≥Ç‡≤°‡≤≤‡≥á ‡≤∞‡≤æ‡≤ú‡≥ç‡≤Ø ‡≤∏‡≤∞‡≥ç‡≤ï‡≤æ‡≤∞ ‡≤é‡≤≤‡≥ç‡≤≤‡≤æ ‡≤á‡≤≤‡≤æ‡≤ñ‡≥Ü‡≤ó‡≤≥‡≤ø‡≤ó‡≥Ü ‡≤ï‡≤†‡≤ø‡≤£ ‡≤∏‡≥Ç‡≤ö‡≤®‡≥Ü ‡≤®‡≥Ä‡≤°‡≤ø ‡≤é‡≤≤‡≥ç‡≤≤‡≤∞‡≤ø‡≤ó‡≥Ç ‡≤é‡≤ö‡≥ç‡≤ö‡≤∞‡≤ø‡≤ï‡≥Ü ‡≤ï‡≥ä‡≤°‡≤ø
@CMofKarnataka @siddaramaiah",0,Neutral
2025-04-16T08:51:03.000Z,0,"‡≤ú‡≤æ‡≤§‡≤ø‡≤ú‡≤®‡≤ó‡≤£‡≤§‡≤ø GAME IS ON.. Hey suppressed community ppl (Dalits shudras OBC) What are you waiting for?? Go and back it up.. Stand with siddaramaiah strongly.. Golden opportunity for you ppl.
#CasteCensusReport #siddaramaiah",0.4871,Positive
2025-04-16T08:32:47.000Z,0,I am Waiting eagerly to kick out this idiot's @siddaramaiah and @dk,0.3818,Positive
2025-04-16T08:26:20.000Z,0,"Guru @siddaramaiah Your Real ambedkar Follower Please stop Ambedkar statue and establish more colleges, Libraries, Hostel's hospitals in the name of Ambedkar",0.0258,Neutral
2025-04-16T08:02:48.000Z,4,"#CasteCensus
A cabinet meet to exclusively discuss caste census survey report on Thursday will take a final decision on it, says @siddaramaiah. ''It's actually not a caste census but a socio-economic survey,'' he claims.
@XpressBengaluru @Cloudnirad @ramupatil_TNIE @siddaramaiah",0,Neutral
2025-04-16T08:00:23.000Z,30,"Mr. Siddaramaiah, who has used the caste census as a political harvest‚Äîplease speak the truth.

Who are the ones who devoured the lion's share of benefits under the most backward 2A category? The data is right at our fingertips. You cannot escape by lying, can you?  
Satyameva",0.828,Positive
2025-04-16T07:33:38.000Z,0,"‡≤π‡≤ø‡≤Ç‡≤¶‡≥Å‡≤≥‡≤ø‡≤¶ ‡≤∏‡≤Æ‡≤æ‡≤ú‡≤¶ ‡≤¶‡≥á‡≤µ‡≤æ‡≤Ç‡≤ó, ‡≤à‡≤°‡≤ø‡≤ó, ‡≤ó‡≤æ‡≤£‡≤ø‡≤ó, ‡≤ó‡≥ä‡≤≤‡≥ç‡≤≤, ‡≤â‡≤∞‡≥ç‡≤∏‡≥ç, ‡≤ï‡≥Å‡≤Ç‡≤¨‡≤æ‡≤∞ etc.... ‡≤∏‡≤Æ‡≤æ‡≤ú‡≤ó‡≤≥‡≤®‡≥ç‡≤®‡≥Å ‡≤§‡≥Å‡≤Ç‡≤°‡≥Å ‡≤§‡≥Å‡≤Ç‡≤°‡≤æ‡≤ó‡≤ø ‡≤ï‡≤§‡≥ç‡≤§‡≤∞‡≤ø‡≤∏‡≤≤‡≤æ‡≤ó‡≤ø‡≤¶‡≥Ü, ‡≤ú‡≤®‡≤∏‡≤Ç‡≤ñ‡≥ç‡≤Ø‡≥Ü‡≤ó‡≥Ü ‡≤Æ‡≤§‡≥ç‡≤§‡≥Å ‡≤®‡≤ø‡≤ú ‡≤∏‡≤Ç‡≤ó‡≤§‡≤ø‡≤ó‡≥Ü ‡≤§‡≤æ‡≤≥‡≥Ü‡≤Ø‡≥á ‡≤á‡≤≤‡≥ç‡≤≤ 
@siddaramaiah ‡≤∏‡≤∞‡≥ç‡≤µ‡≥Ü‡≤Ø‡≤≤‡≥ç‡≤≤‡≤ø.
By @BJP4Karnataka @BYVijayendra @RAshokaBJP @NswamyChalavadi @CTRavi_BJP @drashwathcn @nrkbjp",0,Neutral
2025-04-16T07:31:28.000Z,0,"‡≤ú‡≥à‡≤®‡≤∞‡≤≤‡≥ç‡≤≤‡≤ø ‡≤Ü‡≤∞‡≥Å ‡≤ú‡≤æ‡≤§‡≤ø‡≤ó‡≤≥‡≥Å ‡≤¨‡≥å‡≤¶‡≥ç‡≤ß‡≤∞‡≤≤‡≥ç‡≤≤‡≤ø ‡≤é‡≤∞‡≤°‡≥Å ‡≤ú‡≤æ‡≤§‡≤ø‡≤ó‡≤≥‡≥Ü‡≤Ç‡≤¶‡≥Å ‡≤ó‡≥Å‡≤∞‡≥Å‡≤§‡≤ø‡≤∏‡≤≤‡≤æ‡≤ó‡≤ø‡≤¶‡≥Ü @siddaramaiah ‡≤∏‡≤∞‡≥ç‡≤µ‡≥Ü‡≤Ø‡≤≤‡≥ç‡≤≤‡≤ø.
Jain ‡≤∂‡≥ç‡≤µ‡≥á‡≤§‡≤Ç‡≤¨‡≤∞ ‡≤¶‡≤ø‡≤ó‡≤Ç‡≤¨‡≤∞ ‡≤Æ‡≤æ‡≤§‡≥ç‡≤∞ ‡≤á‡≤∞‡≥Å‡≤µ‡≥Å‡≤¶‡≥Å 
Buddhist ‡≤Ø‡≤æ‡≤µ‡≥Å‡≤¶‡≥á ‡≤™‡≤Ç‡≤ó‡≤° ‡≤â‡≤™‡≤™‡≤Ç‡≤ó‡≤°‡≤ó‡≤≥‡≤ø‡≤≤‡≥ç‡≤≤.
@BJP4Karnataka @BJP4India @BYVijayendra @RAshokaBJP @NswamyChalavadi @CTRavi_BJP @drashwathcn",0,Neutral
2025-04-16T07:29:49.000Z,1,"Rather than Taller Statues Race the CM ,Karnataka must Plan &amp; Work on Science &amp; Technological Institutions/Industries&amp; Business/Jobs.
Taller Statues in Telengana &amp; AP have seen the Governments who installed them go...
@siddaramaiah @DKShivakumar @CMofKarnataka @INCKarnataka",0,Neutral
